Workbook

Sheet Results
A1: Algorithm | B1: Input Type | C1: n | D1: Time (ns) | E1: Max Recursion Depth | F1: Comparisons | G1: Time (ms)
A2: MergeSort | B2: random | C2: 100 | D2: 677400 | E2: 5 | F2: 556 | G2: =D2/1000000 -> 0.6774
A3: QuickSort | B3: random | C3: 100 | D3: 711100 | E3: 4 | F3: 590 | G3: =D3/1000000 -> 0.7111
A4: MergeSort | B4: sorted | C4: 100 | D4: 36200 | E4: 5 | F4: 288 | G4: =D4/1000000 -> 0.0362
A5: QuickSort | B5: sorted | C5: 100 | D5: 83300 | E5: 4 | F5: 612 | G5: =D5/1000000 -> 0.0833
A6: MergeSort | B6: reverse | C6: 100 | D6: 54800 | E6: 5 | F6: 460 | G6: =D6/1000000 -> 0.0548
A7: QuickSort | B7: reverse | C7: 100 | D7: 80900 | E7: 4 | F7: 577 | G7: =D7/1000000 -> 0.0809
A8: MergeSort | B8: duplicates | C8: 100 | D8: 44400 | E8: 5 | F8: 505 | G8: =D8/1000000 -> 0.0444
A9: QuickSort | B9: duplicates | C9: 100 | D9: 112900 | E9: 2 | F9: 1269 | G9: =D9/1000000 -> 0.1129
A10: MergeSort | B10: random | C10: 1000 | D10: 695100 | E10: 8 | F10: 9094 | G10: =D10/1000000 -> 0.6951
A11: QuickSort | B11: random | C11: 1000 | D11: 1128800 | E11: 6 | F11: 10392 | G11: =D11/1000000 -> 1.1288
A12: MergeSort | B12: sorted | C12: 1000 | D12: 515600 | E12: 8 | F12: 4404 | G12: =D12/1000000 -> 0.5156
A13: QuickSort | B13: sorted | C13: 1000 | D13: 1013600 | E13: 6 | F13: 10727 | G13: =D13/1000000 -> 1.0136
... A31: ClosestPair | B31: random | C31: 5000 | D31: 14245700 | E31: 12 | F31: 6444 | G31: =D31/1000000 -> 14.2457

Sheet Dashboard
A1: DAA Assignment 1 — Experimental Results
A3: Source: results.csv | Metrics: execution time, recursion depth, comparisons
A5: n | B5: MergeSort | C5: QuickSort | D5: DeterministicSelect
A6: 100 | B6: =IF(COUNTIFS(Results!$A$2:$A$31,B$5,Results!$B$2:$B$31,"random",Results!$C$2:$C$31,$A6)=0,"",SUMIFS(Results!$G$2:$G$31,Results!$A$2:$A$31,B$5,Results!$B$2:$B$31,"random",Results!$C$2:$C$31,$A6)) -> 0.6774 | C6: =IF(COUNTIFS(Results!$A$2:$A$31,C$5,Results!$B$2:$B$31,"random",Results!$C$2:$C$31,$A6)=0,"",SUMIFS(Results!$G$2:$G$31,Results!$A$2:$A$31,C$5,Results!$B$2:$B$31,"random",Results!$C$2:$C$31,$A6)) -> 0.7111 | D6: =IF(COUNTIFS(Results!$A$2:$A$31,D$5,Results!$B$2:$B$31,"random",Results!$C$2:$C$31,$A6)=0,"",SUMIFS(Results!$G$2:$G$31,Results!$A$2:$A$31,D$5,Results!$B$2:$B$31,"random",Results!$C$2:$C$31,$A6)) -> 0.9422
A7: 1000 | B7: =IF(COUNTIFS(Results!$A$2:$A$31,B$5,Results!$B$2:$B$31,"random",Results!$C$2:$C$31,$A7)=0,"",SUMIFS(Results!$G$2:$G$31,Results!$A$2:$A$31,B$5,Results!$B$2:$B$31,"random",Results!$C$2:$C$31,$A7)) -> 0.6951 | C7: =IF(COUNTIFS(Results!$A$2:$A$31,C$5,Results!$B$2:$B$31,"random",Results!$C$2:$C$31,$A7)=0,"",SUMIFS(Results!$G$2:$G$31,Results!$A$2:$A$31,C$5,Results!$B$2:$B$31,"random",Results!$C$2:$C$31,$A7)) -> 1.1288 | D7: =IF(COUNTIFS(Results!$A$2:$A$31,D$5,Results!$B$2:$B$31,"random",Results!$C$2:$C$31,$A7)=0,"",SUMIFS(Results!$G$2:$G$31,Results!$A$2:$A$31,D$5,Results!$B$2:$B$31,"random",Results!$C$2:$C$31,$A7)) -> 0.5854
A8: 10000 | B8: =IF(COUNTIFS(Results!$A$2:$A$31,B$5,Results!$B$2:$B$31,"random",Results!$C$2:$C$31,$A8)=0,"",SUMIFS(Results!$G$2:$G$31,Results!$A$2:$A$31,B$5,Results!$B$2:$B$31,"random",Results!$C$2:$C$31,$A8)) -> 1.3115 | C8: =IF(COUNTIFS(Results!$A$2:$A$31,C$5,Results!$B$2:$B$31,"random",Results!$C$2:$C$31,$A8)=0,"",SUMIFS(Results!$G$2:$G$31,Results!$A$2:$A$31,C$5,Results!$B$2:$B$31,"random",Results!$C$2:$C$31,$A8)) -> 1.3043 | D8: =IF(COUNTIFS(Results!$A$2:$A$31,D$5,Results!$B$2:$B$31,"random",Results!$C$2:$C$31,$A8)=0,"",SUMIFS(Results!$G$2:$G$31,Results!$A$2:$A$31,D$5,Results!$B$2:$B$31,"random",Results!$C$2:$C$31,$A8)) -> 1.8619
A12: n | B12: MergeSort | C12: QuickSort | D12: DeterministicSelect
A13: 100 | B13: =IF(COUNTIFS(Results!$A$2:$A$31,B$12,Results!$B$2:$B$31,"random",Results!$C$2:$C$31,$A13)=0,"",SUMIFS(Results!$E$2:$E$31,Results!$A$2:$A$31,B$12,Results!$B$2:$B$31,"random",Results!$C$2:$C$31,$A13)) -> 5 | C13: =IF(COUNTIFS(Results!$A$2:$A$31,C$12,Results!$B$2:$B$31,"random",Results!$C$2:$C$31,$A13)=0,"",SUMIFS(Results!$E$2:$E$31,Results!$A$2:$A$31,C$12,Results!$B$2:$B$31,"random",Results!$C$2:$C$31,$A13)) -> 4 | D13: =IF(COUNTIFS(Results!$A$2:$A$31,D$12,Results!$B$2:$B$31,"random",Results!$C$2:$C$31,$A13)=0,"",SUMIFS(Results!$E$2:$E$31,Results!$A$2:$A$31,D$12,Results!$B$2:$B$31,"random",Results!$C$2:$C$31,$A13)) -> 6
A14: 1000 | B14: =IF(COUNTIFS(Results!$A$2:$A$31,B$12,Results!$B$2:$B$31,"random",Results!$C$2:$C$31,$A14)=0,"",SUMIFS(Results!$E$2:$E$31,Results!$A$2:$A$31,B$12,Results!$B$2:$B$31,"random",Results!$C$2:$C$31,$A14)) -> 8 | C14: =IF(COUNTIFS(Results!$A$2:$A$31,C$12,Results!$B$2:$B$31,"random",Results!$C$2:$C$31,$A14)=0,"",SUMIFS(Results!$E$2:$E$31,Results!$A$2:$A$31,C$12,Results!$B$2:$B$31,"random",Results!$C$2:$C$31,$A14)) -> 6 | D14: =IF(COUNTIFS(Results!$A$2:$A$31,D$12,Results!$B$2:$B$31,"random",Results!$C$2:$C$31,$A14)=0,"",SUMIFS(Results!$E$2:$E$31,Results!$A$2:$A$31,D$12,Results!$B$2:$B$31,"random",Results!$C$2:$C$31,$A14)) -> 9
A15: 10000 | B15: =IF(COUNTIFS(Results!$A$2:$A$31,B$12,Results!$B$2:$B$31,"random",Results!$C$2:$C$31,$A15)=0,"",SUMIFS(Results!$E$2:$E$31,Results!$A$2:$A$31,B$12,Results!$B$2:$B$31,"random",Results!$C$2:$C$31,$A15)) -> 11 | C15: =IF(COUNTIFS(Results!$A$2:$A$31,C$12,Results!$B$2:$B$31,"random",Results!$C$2:$C$31,$A15)=0,"",SUMIFS(Results!$E$2:$E$31,Results!$A$2:$A$31,C$12,Results!$B$2:$B$31,"random",Results!$C$2:$C$31,$A15)) -> 9 | D15: =IF(COUNTIFS(Results!$A$2:$A$31,D$12,Results!$B$2:$B$31,"random",Results!$C$2:$C$31,$A15)=0,"",SUMIFS(Results!$E$2:$E$31,Results!$A$2:$A$31,D$12,Results!$B$2:$B$31,"random",Results!$C$2:$C$31,$A15)) -> 14
A19: Input Type | B19: MergeSort Time (ms) | C19: QuickSort Time (ms)
A20: random | B20: =SUMIFS(Results!$G$2:$G$31,Results!$A$2:$A$31,"MergeSort",Results!$B$2:$B$31,$A20,Results!$C$2:$C$31,10000) -> 1.3115 | C20: =SUMIFS(Results!$G$2:$G$31,Results!$A$2:$A$31,"QuickSort",Results!$B$2:$B$31,$A20,Results!$C$2:$C$31,10000) -> 1.3043
A21: sorted | B21: =SUMIFS(Results!$G$2:$G$31,Results!$A$2:$A$31,"MergeSort",Results!$B$2:$B$31,$A21,Results!$C$2:$C$31,10000) -> 1.3356 | C21: =SUMIFS(Results!$G$2:$G$31,Results!$A$2:$A$31,"QuickSort",Results!$B$2:$B$31,$A21,Results!$C$2:$C$31,10000) -> 0.8787
A22: reverse | B22: =SUMIFS(Results!$G$2:$G$31,Results!$A$2:$A$31,"MergeSort",Results!$B$2:$B$31,$A22,Results!$C$2:$C$31,10000) -> 1.0661 | C22: =SUMIFS(Results!$G$2:$G$31,Results!$A$2:$A$31,"QuickSort",Results!$B$2:$B$31,$A22,Results!$C$2:$C$31,10000) -> 0.9648
A23: duplicates | B23: =SUMIFS(Results!$G$2:$G$31,Results!$A$2:$A$31,"MergeSort",Results!$B$2:$B$31,$A23,Results!$C$2:$C$31,10000) -> 1.7361 | C23: =SUMIFS(Results!$G$2:$G$31,Results!$A$2:$A$31,"QuickSort",Results!$B$2:$B$31,$A23,Results!$C$2:$C$31,10000) -> 8.4072
A27: n | B27: Time (ms) | C27: Max Recursion Depth | F27: Assignment Requirement | G27: Status | H27: Evidence
A28: 100 | B28: =SUMIFS(Results!$G$2:$G$31,Results!$A$2:$A$31,"ClosestPair",Results!$C$2:$C$31,$A28) -> 6.8278 | C28: =SUMIFS(Results!$E$2:$E$31,Results!$A$2:$A$31,"ClosestPair",Results!$C$2:$C$31,$A28) -> 7 | F28: Small / medium / large inputs | G28: OK | H28: 100, 1000, 10000 (+ 5000 points)
A29: 1000 | B29: =SUMIFS(Results!$G$2:$G$31,Results!$A$2:$A$31,"ClosestPair",Results!$C$2:$C$31,$A29) -> 5.7114 | C29: =SUMIFS(Results!$E$2:$E$31,Results!$A$2:$A$31,"ClosestPair",Results!$C$2:$C$31,$A29) -> 10 | F29: Different sorting input types | G29: OK | H29: random / sorted / reverse / duplicates
A30: 5000 | B30: =SUMIFS(Results!$G$2:$G$31,Results!$A$2:$A$31,"ClosestPair",Results!$C$2:$C$31,$A30) -> 14.2457 | C30: =SUMIFS(Results!$E$2:$E$31,Results!$A$2:$A$31,"ClosestPair",Results!$C$2:$C$31,$A30) -> 12 | F30: Execution time | G30: OK | H30: Time (ns) + Time (ms)
F31: Maximum recursion depth | G31: OK | H31: Max Recursion Depth
F32: Additional metric | G32: OK | H32: Comparisons
